{
    "Deserts & Xeric Shrublands": 26323247.410199884,
    "Tropical & Subtropical Grasslands, Savannas & Shrublands": 21391107.38756527,
    "Tropical & Subtropical Moist Broadleaf Forests": 19580104.74197682,
    "Boreal Forests/Taiga": 15316577.636974096,
    "Temperate Broadleaf & Mixed Forests": 12559792.49171971,
    "Temperate Grasslands, Savannas & Shrublands": 10571603.918123659,
    "Tundra": 8526394.453534998,
    "Montane Grasslands & Shrublands": 4872379.374186906,
    "Tropical & Subtropical Dry Broadleaf Forests": 3877948.9100976833,
    "Temperate Conifer Forests": 3761948.527841549,
    "Mediterranean Forests, Woodlands & Scrub": 3296014.700088584,
    "Flooded Grasslands & Savannas": 1153800.8216760682,
    "Tropical & Subtropical Coniferous Forests": 683071.888304758,
    "Mangroves": 332287.848897852
}